GenotypeID,Class
D00272085,Offspring
D00272056,Offspring
D00223323,Offspring
D00272055,Offspring
D00272141,Offspring
D00272080,Offspring
D00223176,Offspring
D00222992,Offspring
D00223279,Offspring
D00272150,Offspring
D00272094,Offspring
D00272152,Offspring
D00272071,Offspring
D00222281,Offspring
D00223988,Offspring
D00272104,Offspring
D00272048,Offspring
D00223201,Offspring
D00224162,Offspring
D00272118,Offspring
D00223641,Offspring
D00272102,Offspring
D00272121,Offspring
D00272103,Offspring
D00222793,Offspring
D00272111,Offspring
D00222692,Offspring
D00272114,Offspring
D00272140,Offspring
D00272059,Offspring
D00223592,Offspring
D00272053,Offspring
D00223322,Offspring
D00222808,Offspring
D00224558,Offspring
D00272061,Offspring
D00223931,Offspring
D00224239,Offspring
D00224076,Offspring
D00223890,Offspring
D00222006,Offspring
D00223285,Offspring
D00224218,Offspring
D00223857,Offspring
D00222484,Offspring
D00221896,Offspring
D00222872,Offspring
D00222868,Offspring
D00224410,Offspring
D00224155,Offspring
D00272109,Offspring
D00272046,Offspring
D00224397,Offspring
D00223256,Offspring
D00222892,Offspring
D00224896,Offspring
D00223502,Offspring
D00222261,Offspring
D00223045,Offspring
D00225233,Offspring
D00222645,Offspring
D00223405,Offspring
D00221895,Offspring
D00220261,Offspring
D00272057,Offspring
D00224906,Offspring
D00272138,Offspring
D00220257,Offspring
D00224675,Offspring
D00223135,Offspring
D00272082,Offspring
D00223762,Offspring
D00272144,Offspring
D00222239,Offspring
D00272148,Offspring
D00224375,Offspring
D00223432,Offspring
D00272088,Offspring
D00223351,Offspring
D00224176,Offspring
D00223365,Offspring
D00222338,Offspring
D00223598,Offspring
D00224139,Offspring
D00223105,Offspring
D00223275,Offspring
D00221963,Offspring
D00224085,Offspring
D00223799,Offspring
D00220277,Offspring
D00222694,Offspring
D00222895,Offspring
D00222847,Offspring
D00223655,Offspring
D00220921,Offspring
D00223194,Offspring
D00223533,Offspring
D00272129,Offspring
D00223183,Offspring
D00223947,Offspring
D00224003,Offspring
D00222013,Offspring
D00223868,Offspring
D00222114,Offspring
D00222801,Offspring
D00223274,Offspring
D00224326,Offspring
D00224820,Offspring
D00272087,Offspring
D00224902,Offspring
D00223311,Offspring
D00272107,Offspring
D00222855,Offspring
D00272036,Offspring
D00223520,Offspring
D00221915,Offspring
D00223646,Offspring
D00272060,Offspring
D00224553,Offspring
D00272127,Offspring
D00223708,Offspring
D00222532,Offspring
D00223994,Offspring
D00272065,Offspring
D00223878,Offspring
D00272058,Offspring
D00224799,Offspring
D00272066,Offspring
D00222564,Offspring
D00272132,Offspring
D00224578,Offspring
D00222205,Offspring
D00272045,Offspring
D00225170,Offspring
D00221900,Offspring
D00222790,Offspring
D00222634,Offspring
D00224395,Offspring
D00223893,Offspring
D00272067,Offspring
D00222989,Offspring
D00224114,Offspring
D00272064,Offspring
D00224926,Offspring
D00224115,Offspring
D00223082,Offspring
D00272113,Offspring
D00223025,Offspring
D00223532,Offspring
D00225226,Offspring
D00223508,Offspring
D00223320,Offspring
D00223367,Offspring
D00224337,Offspring
D00224067,Offspring
D00223185,Offspring
D00272081,Offspring
D00223873,Offspring
D00224467,Offspring
D00224768,Offspring
D00222413,Offspring
D00222985,Offspring
D00224807,Offspring
D00272079,Offspring
D00272153,Offspring
D00272092,Offspring
D00224250,Offspring
D00224862,Offspring
D00272120,Offspring
D00222400,Offspring
D00222269,Offspring
D00272075,Offspring
D00224821,Offspring
D00223346,Offspring
D00272090,Offspring
D00223851,Offspring
D00272125,Offspring
D00224386,Offspring
D00272040,Offspring
D00272156,Offspring
D00225199,Offspring
D00272161,Offspring
D00272130,Offspring
D00272084,Offspring
D00220580,Offspring
D00272039,Offspring
D00272143,Offspring
D00224117,Offspring
D00272100,Offspring
D00222503,Offspring
D00272069,Offspring
D00272044,Offspring
D00272073,Offspring
D00272145,Offspring
D00222675,Offspring
D00221996,Offspring
D00272139,Offspring
D00712069,Offspring
D00713790,Offspring
D00712148,Offspring
D00713904,Offspring
D00713143,Offspring
D00713779,Offspring
D00712550,Offspring
D00713876,Offspring
D00711664,Offspring
D00712187,Offspring
D00712206,Offspring
D00711740,Offspring
D00711849,Offspring
D00711734,Offspring
D00711567,Offspring
D00711171,Offspring
D00712438,Offspring
D00713121,Offspring
D00712962,Offspring
D00712396,Offspring
D00713743,Offspring
D00713710,Offspring
D00711374,Offspring
D00711148,Offspring
D00713521,Offspring
D00713193,Offspring
D00711935,Offspring
D00713649,Offspring
D00712405,Offspring
D00713622,Offspring
D00272133,Offspring
D00272128,Offspring
D00272106,Offspring
D00272134,Offspring
D00712912,Offspring
D00714000,Offspring
D00712854,Offspring
D00711620,Offspring
D00712023,Offspring
D00272131,Offspring
D00272160,Offspring
D00272108,Offspring
D00272043,Offspring
D00272093,Offspring
D00272096,Offspring
D00272091,Offspring
D00222904,Offspring
D00272124,Offspring
D00272159,Offspring
D00272076,Offspring
D00272054,Offspring
D00272105,Offspring
D00272136,Offspring
D00272050,Offspring
D00272099,Offspring
D00272110,Offspring
D00223695,Offspring
D00272123,Offspring
D00272137,Offspring
D00272078,Offspring
D00272097,Offspring
D00272041,Offspring
D00272126,Offspring
D00272089,Offspring
D00272116,Offspring
D00272068,Offspring
D00272101,Offspring
D00272115,Offspring
D00272063,Offspring
D00272146,Offspring
D00272149,Offspring
D00272158,Offspring
D00272049,Offspring
D00272042,Offspring
D00220408,Offspring
D00222523,Offspring
D00223269,Offspring
D00222633,Offspring
D00272154,Offspring
D00272155,Offspring
D00272047,Offspring
D00272142,Offspring
D00272072,Offspring
D00272095,Offspring
D00272083,Offspring
D00220610,Offspring
D00222294,Offspring
D00272074,Offspring
D00272077,Offspring
D00272086,Offspring
D00272112,Offspring
D00272135,Offspring
D00223897,Offspring
D00223727,Offspring
D00272117,Offspring
D00272147,Offspring
D00272119,Offspring
D00272051,Offspring
D00712863,Offspring
D00272151,Offspring
D00712752,Offspring
D00713647,Offspring
D00711580,Offspring
D00713961,Offspring
D00711754,Offspring
D00713369,Offspring
D00713211,Offspring
D00713296,Offspring
D00711577,Offspring
D00713530,Offspring
D00712435,Offspring
D00711906,Offspring
D00713094,Offspring
D00711989,Offspring
D00712521,Offspring
D00713723,Offspring
D00713204,Offspring
D00712267,Offspring
D00713510,Offspring
D00713561,Offspring
D00711418,Offspring
D00712812,Offspring
D00713131,Offspring
D00711571,Offspring
D00713534,Offspring
D00713738,Offspring
D00713184,Offspring
D00713472,Offspring
D00712383,Offspring
D00711478,Offspring
D00713773,Offspring
D00713985,Offspring
D00712407,Offspring
D00711825,Offspring
D00711848,Offspring
D00713974,Offspring
D00711903,Offspring
D00714010,Offspring
D00712162,Offspring
D00711746,Offspring
D00713857,Offspring
D00713721,Offspring
D00713327,Offspring
D00713035,Offspring
D00712462,Offspring
D00711309,Offspring
D00712559,Offspring
D00711942,Offspring
D00713568,Offspring
D00711394,Offspring
D00712400,Offspring
D00711943,Offspring
D00713566,Offspring
D00711509,Offspring
D00712247,Offspring
D00711773,Offspring
D00711795,Offspring
D00713032,Offspring
D00712335,Offspring
D00713299,Offspring
D00713014,Offspring
D00711633,Offspring
D00711704,Offspring
D00713383,Offspring
D00712395,Offspring
D00713525,Offspring
D00711135,Offspring
D00712965,Offspring
D00711770,Offspring
D00711387,Offspring
D00711916,Offspring
D00713782,Offspring
D00711666,Offspring
D00711027,Offspring
D00712109,Offspring
D00713216,Offspring
D00713714,Offspring
D00712739,Offspring
D00713689,Offspring
D00711253,Offspring
D00713520,Offspring
D00713853,Offspring
D00712858,Offspring
D00711194,Offspring
D00711591,Offspring
D00711769,Offspring
D00713770,Offspring
D00713490,Offspring
D00713176,Offspring
D00711585,Offspring
D00712015,Offspring
D00712887,Offspring
D00711815,Offspring
D00711708,Offspring
D00713210,Offspring
D00711115,Offspring
D00713999,Offspring
D00711112,Offspring
D00712722,Offspring
D00711181,Offspring
D00713543,Offspring
D00712786,Offspring
D00712860,Offspring
D00711427,Offspring
D00712678,Offspring
D00712216,Offspring
D00713788,Offspring
D00713730,Offspring
D00713281,Offspring
D00713251,Offspring
D00711806,Offspring
D00713130,Offspring
D00711644,Offspring
D00712063,Offspring
D00712425,Offspring
D00711496,Offspring
D00712892,Offspring
D00711912,Offspring
D00713616,Offspring
D00712587,Offspring
D00711341,Offspring
D00713713,Offspring
D00712504,Offspring
D00713585,Offspring
D00713573,Offspring
D00711864,Offspring
D00713731,Offspring
D00711930,Offspring
D00713522,Offspring
D00712494,Offspring
D00713755,Offspring
D00711981,Offspring
D00712239,Offspring
D00712144,Offspring
D00711940,Offspring
D00711490,Offspring
D00713666,Offspring
D00711576,Offspring
D00711130,Offspring
D00713190,Offspring
D00711649,Offspring
D00713128,Offspring
D00712734,Offspring
D00713860,Offspring
D00711972,Offspring
D00713674,Offspring
D00713824,Offspring
D00713361,Offspring
D00712597,Offspring
D00712121,Offspring
D00712765,Offspring
D00713671,Offspring
D00713257,Offspring
D00711142,Offspring
D00712546,Offspring
D00713726,Offspring
D00711861,Offspring
D00712186,Offspring
D00711775,Offspring
D00711055,Offspring
D00711051,Offspring
D00711020,Offspring
D00713444,Offspring
D00713736,Offspring
D00711340,Offspring
D00711014,Offspring
D00713571,Offspring
D00713668,Offspring
D00712094,Offspring
D00711077,Offspring
D00713346,Offspring
D00711702,Offspring
D00711876,Offspring
D00713476,Offspring
D00713959,Offspring
D00712669,Offspring
D00711046,Offspring
D00713445,Offspring
D00714009,Offspring
D00712240,Offspring
D00272038,Offspring
D00713318,Offspring
D00711793,Offspring
D00712440,Offspring
D00712389,Offspring
D00711715,Offspring
D00711686,Offspring
D00713368,Offspring
D00712276,Offspring
D00712659,Offspring
D00712929,Offspring
D00713496,Offspring
D00711568,Offspring
D00711040,Offspring
D00711953,Offspring
D00713481,Offspring
D00712009,Offspring
D00713908,Offspring
D00713140,Offspring
D00713338,Offspring
D00712484,Offspring
D00713581,Offspring
D00711210,Offspring
D00712591,Offspring
D00712741,Offspring
D00712998,Offspring
D00713988,Offspring
D00713968,Offspring
D00712310,Offspring
D00711113,Offspring
D00711636,Offspring
D00711275,Offspring
D00713854,Offspring
D00712589,Offspring
D00713511,Offspring
D00712472,Offspring
D00713625,Offspring
D00713454,Offspring
D00711890,Offspring
D00711938,Offspring
D00713027,Offspring
D00713067,Offspring
D00711150,Offspring
D00711220,Offspring
D00711787,Offspring
D00711031,Offspring
D00711865,Offspring
D00712588,Offspring
D00713676,Offspring
D00713896,Offspring
D00712042,Offspring
D00713692,Offspring
D00713134,Offspring
D00711573,Offspring
D00713869,Offspring
D00712266,Offspring
D00712408,Offspring
D00711200,Offspring
D00713804,Offspring
D00711305,Offspring
D00711042,Offspring
D00712416,Offspring
D00712088,Offspring
D00712811,Offspring
D00711411,Offspring
D00711315,Offspring
D00711555,Offspring
D00711934,Offspring
D00713584,Offspring
D00712973,Offspring
D00712800,Offspring
D00712038,Offspring
D00712835,Offspring
D00713068,Offspring
D00712145,Offspring
D00711224,Offspring
D00711030,Offspring
D00713705,Offspring
D00712721,Offspring
D00712699,Offspring
D00712202,Offspring
D00713295,Offspring
D00712821,Offspring
D00713308,Offspring
D00712463,Offspring
D00713825,Offspring
D00713709,Offspring
D00713632,Offspring
D00712473,Offspring
D00711845,Offspring
D00711966,Offspring
D00713542,Offspring
D00713087,Offspring
D00712056,Offspring
D00713399,Offspring
D00711039,Offspring
D00713507,Offspring
D00712781,Offspring
D00711160,Offspring
D00712252,Offspring
D00713697,Offspring
D00713971,Offspring
D00712997,Offspring
D00711523,Offspring
D00713940,Offspring
D00713108,Offspring
D00711924,Offspring
D00711480,Offspring
D00713052,Offspring
D00712876,Offspring
D00711278,Offspring
D00713137,Offspring
D00712647,Offspring
D00713552,Offspring
D00713567,Offspring
D00711879,Offspring
D00712062,Offspring
D00711516,Offspring
D00712489,Offspring
D00712418,Offspring
D00712431,Offspring
D00713162,Offspring
D00714123,Offspring
D00713017,Offspring
D00713306,Offspring
D00713658,Offspring
D00713038,Offspring
D00711917,Offspring
D00711886,Offspring
D00712627,Offspring
D00713795,Offspring
D00713595,Offspring
D00714012,Offspring
D00713504,Offspring
D00713646,Offspring
D00712561,Offspring
D00712964,Offspring
D00713563,Offspring
D00713923,Offspring
D00713838,Offspring
D00713608,Offspring
D00713442,Offspring
D00712881,Offspring
D00713927,Offspring
D00713120,Offspring
D00713413,Offspring
D00711041,Offspring
D00714002,Offspring
D00712447,Offspring
D00713590,Offspring
D00713195,Offspring
D00712048,Offspring
D00713659,Offspring
D00712981,Offspring
D00713945,Offspring
D00713385,Offspring
D00713915,Offspring
D00713741,Offspring
D00713145,Offspring
D00713763,Offspring
D00713043,Offspring
D00713302,Offspring
D00713822,Offspring
D00713326,Offspring
D00713375,Offspring
D00713029,Offspring
D00712517,Offspring
D00713358,Offspring
D00713459,Offspring
D00712452,Offspring
D00713471,Offspring
D00713480,Offspring
D00713448,Offspring
D00712230,Offspring
D00712415,Offspring
D00713475,Offspring
D00713938,Offspring
D00713615,Offspring
D00713612,Offspring
D00713720,Offspring
D00713462,Offspring
D00713516,Offspring
D00712971,Offspring
D00713716,Offspring
D00713785,Offspring
D00712990,Offspring
D00713756,Offspring
D00713977,Offspring
D00713894,Offspring
D00713536,Offspring
D00713685,Offspring
D00713320,Offspring
D00713879,Offspring
D00712583,Offspring
D00713703,Offspring
D00712303,Offspring
D00711918,Offspring
D00713447,Offspring
D00711919,Offspring
D00713201,Offspring
D00712815,Offspring
D00713602,Offspring
D00713492,Offspring
D00713367,Offspring
D00713789,Offspring
D00712218,Offspring
D00713594,Offspring
D00713805,Offspring
D00713693,Offspring
D00713943,Offspring
D00713303,Offspring
D00712878,Offspring
D00713973,Offspring
D00713054,Offspring
D00712397,Offspring
D00712027,Offspring
D00713727,Offspring
D00713948,Offspring
D00713830,Offspring
D00713144,Offspring
D00713377,Offspring
D00712827,Offspring
D00713628,Offspring
D00714003,Offspring
D00712831,Offspring
D00713929,Offspring
D00713564,Offspring
D00712146,Offspring
D00713672,Offspring
D00712417,Offspring
D00712445,Offspring
D00713994,Offspring
D00713187,Offspring
D00713214,Offspring
D00712374,Offspring
D00713434,Offspring
D00712664,Offspring
D00712058,Offspring
D00712982,Offspring
D00713091,Offspring
D00711570,Offspring
D00712984,Offspring
D00711584,Offspring
D00713245,Offspring
D00713708,Offspring
D00712907,Offspring
D00713589,Offspring
D00713350,Offspring
D00712631,Offspring
D00712880,Offspring
D00713609,Offspring
D00711488,Offspring
D00713234,Offspring
D00712947,Offspring
D00713090,Offspring
D00712345,Offspring
D00713665,Offspring
D00713033,Offspring
D00714368,Offspring
D00712101,Offspring
D00713823,Offspring
D00712848,Offspring
D00712154,Offspring
D00713010,Offspring
D00711776,Offspring
D00713745,Offspring
D00712967,Offspring
D00713946,Offspring
D00713643,Offspring
D00711595,Offspring
D00712789,Offspring
D00712152,Offspring
D00713503,Offspring
D00713501,Offspring
D00713389,Offspring
D00712540,Offspring
D00712153,Offspring
D00713711,Offspring
D00712271,Offspring
D00712555,Offspring
D00711781,Offspring
D00713354,Offspring
D00712615,Offspring
D00712398,Offspring
D00711927,Offspring
D00713684,Offspring
D00712744,Offspring
D00712851,Offspring
D00713170,Offspring
D00713663,Offspring
D00713177,Offspring
D00711154,Offspring
D00712163,Offspring
D00712509,Offspring
D00713766,Offspring
D00712329,Offspring
D00713682,Offspring
D00712510,Offspring
D00711959,Offspring
D00712299,Offspring
D00713603,Offspring
D00713207,Offspring
D00713799,Offspring
D00712955,Offspring
D00713925,Offspring
D00715039,Offspring
D00713619,Offspring
D00713057,Offspring
D00712667,Offspring
D00713254,Offspring
D00711381,Offspring
D00713712,Offspring
D00713189,Offspring
D00713810,Offspring
D00713701,Offspring
D00713113,Offspring
D00713767,Offspring
D00713975,Offspring
D00712453,Offspring
D00713053,Offspring
D00712968,Offspring
D00712686,Offspring
D00713540,Offspring
D00713669,Offspring
D00712349,Offspring
D00713332,Offspring
D00712340,Offspring
D00713942,Offspring
D00713217,Offspring
D00714013,Offspring
D00713829,Offspring
D00712464,Offspring
D00713468,Offspring
D00711772,Offspring
D00713617,Offspring
D00713754,Offspring
D00712536,Offspring
D00712137,Offspring
D00712661,Offspring
D00712013,Offspring
D00713578,Offspring
D00713955,Offspring
D00713263,Offspring
D00712274,Offspring
D00713901,Offspring
D00711631,Offspring
D00712149,Offspring
D00713862,Offspring
D00713111,Offspring
D00711705,Offspring
D00713789,Offspring
D00713677,Offspring
D00713865,Offspring
D00713008,Offspring
D00713435,Offspring
D00712257,Offspring
D00713286,Offspring
D00712306,Offspring
D00711206,Offspring
D00713427,Offspring
D00712174,Offspring
D00713807,Offspring
D00713432,Offspring
D00712255,Offspring
D00713287,Offspring
D00712847,Offspring
D00713991,Offspring
D00713623,Offspring
D00712937,Offspring
D00712117,Offspring
D00713847,Offspring
D00712381,Offspring
D00712428,Offspring
D00713083,Offspring
D00712368,Offspring
D00713944,Offspring
D00713912,Offspring
D00713591,Offspring
D00711583,Offspring
D00711882,Offspring
D00712740,Offspring
D00712954,Offspring
D00713650,Offspring
D00713230,Offspring
D00713583,Offspring
D00712341,Offspring
D00712324,Offspring
D00712891,Offspring
D00713285,Offspring
D00712259,Offspring
D00713359,Offspring
D00714287,Offspring
D00712679,Offspring
D00713524,Offspring
D00711547,Offspring
D00711998,Offspring
D00712313,Offspring
D00712129,Offspring
D00713440,Offspring
D00712047,Offspring
D00713060,Offspring
D00712302,Offspring
D00712750,Offspring
D00713753,Offspring
D00713393,Offspring
D00712658,Offspring
D00713803,Offspring
D00712656,Offspring
D00711808,Offspring
D00713331,Offspring
D00713107,Offspring
D00713336,Offspring
D00712655,Offspring
D00713443,Offspring
D00712488,Offspring
D00713605,Offspring
D00713640,Offspring
D00712625,Offspring
D00713840,Offspring
D00713422,Offspring
D00713277,Offspring
D00711690,Offspring
D00712150,Offspring
D00711267,Offspring
D00712241,Offspring
D00712931,Offspring
D00712619,Offspring
D00713307,Offspring
D00713329,Offspring
D00712020,Offspring
D00712674,Offspring
D00712320,Offspring
D00712777,Offspring
D00712972,Offspring
D00712092,Offspring
D00712564,Offspring
D00713356,Offspring
D00713311,Offspring
D00713103,Offspring
D00712481,Offspring
D00713936,Offspring
D00713123,Offspring
D00713016,Offspring
D00713680,Offspring
D00712859,Offspring
D00712078,Offspring
D00713666,Offspring
D00712245,Offspring
D00712285,Offspring
D00712610,Offspring
D00713283,Offspring
D00713808,Offspring
D00711877,Offspring
D00712200,Offspring
D00712376,Offspring
D00713806,Offspring
D00712865,Offspring
D00713477,Offspring
D00712028,Offspring
D00713548,Offspring
D00713246,Offspring
D00712626,Offspring
D00712873,Offspring
D00713842,Offspring
D00711019,Offspring
D00713433,Offspring
D00713582,Offspring
D00712922,Offspring
D00712112,Offspring
D00713811,Offspring
D00712763,Offspring
D00712798,Offspring
D00713782,Offspring
D00713967,Offspring
D00712067,Offspring
D00713587,Offspring
D00713439,Offspring
D00713715,Offspring
D00713597,Offspring
D00712541,Offspring
D00712604,Offspring
D00713895,Offspring
D00712043,Offspring
D00711473,Offspring
D00711047,Offspring
D00713921,Offspring
D00713791,Offspring
D00713026,Offspring
D00712707,Offspring
D00713964,Offspring
D00712089,Offspring
D00712728,Offspring
D00712461,Offspring
D00714485,Offspring
D00713909,Offspring
D00712019,Offspring
D00712085,Offspring
D00713845,Offspring
D00713978,Offspring
D00712633,Offspring
D00713828,Offspring
D00712620,Offspring
D00713855,Offspring
D00713009,Offspring
D00712580,Offspring
D00712507,Offspring
D00713740,Offspring
D00713877,Offspring
D00713880,Offspring
D00713203,Offspring
D00712609,Offspring
D00711872,Offspring
D00713686,Offspring
D00713819,Offspring
D00713835,Offspring
D00713557,Offspring
D00712916,Offspring
D00713951,Offspring
D00711323,Offspring
D00712709,Offspring
D00713167,Offspring
D00713395,Offspring
D00713484,Offspring
D00711759,Offspring
D00711247,Offspring
D00712545,Offspring
D00712460,Offspring
D00711131,Offspring
D00712785,Offspring
D00712050,Offspring
D00711742,Offspring
D00713166,Offspring
D00712291,Offspring
D00713135,Offspring
D00712450,Offspring
D00713101,Offspring
D00712293,Offspring
D00712387,Offspring
D00712059,Offspring
D00715150,Offspring
D00711110,Offspring
D00711768,Offspring
D00713821,Offspring
D00713233,Offspring
D00713765,Offspring
D00711894,Offspring
D00711164,Offspring
D00712807,Offspring
D00711141,Offspring
D00713926,Offspring
D00712755,Offspring
D00711857,Offspring
D00713095,Offspring
D00712607,Offspring
D00713898,Offspring
D00713313,Offspring
D00712311,Offspring
D00711222,Offspring
D00711771,Offspring
D00712026,Offspring
D00713290,Offspring
D00712035,Offspring
D00712766,Offspring
D00713142,Offspring
D00713175,Offspring
D00711901,Offspring
D00712841,Offspring
D00712366,Offspring
D00713141,Offspring
D00712653,Offspring
D00712357,Offspring
D00712207,Offspring
D00713956,Offspring
D00711689,Offspring
D00711932,Offspring
D00711393,Offspring
D00712096,Offspring
D00712950,Offspring
D00711243,Offspring
D00713456,Offspring
D00712465,Offspring
D00713654,Offspring
D00712353,Offspring
D00711151,Offspring
D00711669,Offspring
D00711405,Offspring
D00712208,Offspring
D00712261,Offspring
D00713694,Offspring
D00711785,Offspring
D00713325,Offspring
D00712666,Offspring
D00712605,Offspring
D00712839,Offspring
D00713881,Offspring
D00712499,Offspring
D00711118,Offspring
D00711797,Offspring
D00711884,Offspring
D00712125,Offspring
D00712270,Offspring
D00713227,Offspring
D00713989,Offspring
D00712549,Offspring
D00712269,Offspring
D00712010,Offspring
D00713163,Offspring
D00712508,Offspring
D00713560,Offspring
D00712904,Offspring
D00711973,Offspring
D00712229,Offspring
D00714185,Offspring
D00712534,Offspring
D00713047,Offspring
D00713963,Offspring
D00711032,Offspring
D00712868,Offspring
D00712391,Offspring
D00711834,Offspring
D00712272,Offspring
D00713149,Offspring
D00713633,Offspring
D00712754,Offspring
D00712090,Offspring
D00712513,Offspring
D00711745,Offspring
D00712553,Offspring
D00711679,Offspring
D00713272,Offspring
D00713452,Offspring
D00711777,Offspring
D00713301,Offspring
D00712347,Offspring
D00712654,Offspring
D00712390,Offspring
D00712649,Offspring
D00712926,Offspring
D00711385,Offspring
D00713096,Offspring
D00712316,Offspring
D00711841,Offspring
D00711844,Offspring
D00712872,Offspring
D00711907,Offspring
D00712286,Offspring
D00712869,Offspring
D00712864,Offspring
D00711677,Offspring
D00713429,Offspring
D00712516,Offspring
D00713818,Offspring
D00712554,Offspring
D00711638,Offspring
D00712861,Offspring
D00713059,Offspring
D00712665,Offspring
D00713695,Offspring
D00713347,Offspring
D00711692,Offspring
D00711767,Offspring
D00712235,Offspring
D00712195,Offspring
D00713739,Offspring
D00711757,Offspring
D00711472,Offspring
D00712118,Offspring
D00712358,Offspring
D00712487,Offspring
D00713004,Offspring
D00713424,Offspring
D00711684,Offspring
D00712478,Offspring
D00712115,Offspring
D00712498,Offspring
D00713796,Offspring
D00712853,Offspring
D00711730,Offspring
D00713100,Offspring
D00711695,Offspring
D00713559,Offspring
D00712646,Offspring
D00712249,Offspring
D00711398,Offspring
D00712102,Offspring
D00712183,Offspring
D00712393,Offspring
D00713846,Offspring
D00713661,Offspring
D00712657,Offspring
D00713917,Offspring
D00713213,Offspring
D00712889,Offspring
D00711883,Offspring
D00712573,Offspring
D00711792,Offspring
D00713958,Offspring
D00713494,Offspring
D00713126,Offspring
D00713455,Offspring
D00713198,Offspring
D00713482,Offspring
D00711628,Offspring
D00711378,Offspring
D00712618,Offspring
D00711823,Offspring
D00711887,Offspring
D00713078,Offspring
D00712991,Offspring
D00713768,Offspring
D00712334,Offspring
D00711578,Offspring
D00712275,Offspring
D00713071,Offspring
D00712492,Offspring
D00712328,Offspring
D00713235,Offspring
D00713505,Offspring
D00272070,Offspring
D00712845,Offspring
D00712164,Offspring
D00713531,Offspring
D00711590,Offspring
D00712662,Offspring
D00711512,Offspring
D00711970,Offspring
D00712377,Offspring
D00712490,Offspring
D00713648,Offspring
D00713613,Offspring
D00712616,Offspring
D00713428,Offspring
D00712277,Offspring
D00711100,Offspring
D00712895,Offspring
D00713885,Offspring
D00712029,Offspring
D00712236,Offspring
D00713294,Offspring
D00712518,Offspring
D00711965,Offspring
D00713077,Offspring
D00713500,Offspring
D00713420,Offspring
D00712768,Offspring
D00712992,Offspring
D00712897,Offspring
D00713049,Offspring
D00711613,Offspring
D00712100,Offspring
D00712975,Offspring
D00713437,Offspring
D00713248,Offspring
D00712959,Offspring
D00712253,Offspring
D00713864,Offspring
D00711144,Offspring
D00713391,Offspring
D00711812,Offspring
D00711739,Offspring
D00712942,Offspring
D00711384,Offspring
D00713374,Offspring
D00713553,Offspring
D00712590,Offspring
D00713707,Offspring
D00713396,Offspring
D00713136,Offspring
D00711126,Offspring
D00712493,Offspring
D00711801,Offspring
D00713457,Offspring
D00711896,Offspring
D00712033,Offspring
D00711312,Offspring
D00712846,Offspring
D00711195,Offspring
D00711630,Offspring
D00713662,Offspring
D00712005,Offspring
D00712213,Offspring
D00711798,Offspring
D00712419,Offspring
D00713300,Offspring
D00713392,Offspring
D00713577,Offspring
D00713911,Offspring
D00712172,Offspring
D00713601,Offspring
D00711574,Offspring
D00711905,Offspring
D00712556,Offspring
D00711842,Offspring
D00711001,Offspring
D00713533,Offspring
D00713021,Offspring
D00711824,Offspring
D00712829,Offspring
D00712687,Offspring
D00713629,Offspring
D00712660,Offspring
D00712426,Offspring
D00713549,Offspring
D00712875,Offspring
D00711939,Offspring
D00711268,Offspring
D00711103,Offspring
D00711350,Offspring
D00711370,Offspring
D00712250,Offspring
D00712810,Offspring
D00711892,Offspring
D00711764,Offspring
D00712318,Offspring
D00713488,Offspring
D00711969,Offspring
D00714090,Offspring
D00711750,Offspring
D00712511,Offspring
D00711993,Offspring
D00712422,Offspring
D00711735,Offspring
D00712097,Offspring
D00712217,Offspring
D00711829,Offspring
D00711303,Offspring
D00711968,Offspring
D00711586,Offspring
D00712220,Offspring
D00711599,Offspring
D00713495,Offspring
D00712599,Offspring
D00713627,Offspring
D00713473,Offspring
D00711056,Offspring
D00711335,Offspring
D00713205,Offspring
D00711645,Offspring
D00713579,Offspring
D00713900,Offspring
D00712543,Offspring
D00712877,Offspring
D00712246,Offspring
D00711569,Offspring
D00712093,Offspring
D00712796,Offspring
D00712279,Offspring
D00711252,Offspring
D00712629,Offspring
D00712237,Offspring
D00712251,Offspring
D00713718,Offspring
D00711377,Offspring
D00712900,Offspring
D00712857,Offspring
D00711389,Offspring
D00713781,Offspring
D00713815,Offspring
D00713493,Offspring
D00712364,Offspring
D00711066,Offspring
D00713430,Offspring
D00713678,Offspring
D00712505,Offspring
D00713538,Offspring
D00711885,Offspring
D00711461,Offspring
D00711354,Offspring
D00713122,Offspring
D00713072,Offspring
D00712933,Offspring
D00712448,Offspring
D00713180,Offspring
D00711554,Offspring
D00712135,Offspring
D00713704,Offspring
D00713576,Offspring
D00712173,Offspring
D00712648,Offspring
D00712307,Offspring
D00711852,Offspring
D00711230,Offspring
D00712142,Offspring
D00712918,Offspring
D00712946,Offspring
D00712936,Offspring
D00714005,Offspring
D00712993,Offspring
D00712585,Offspring
D00711406,Offspring
D00711807,Offspring
D00711814,Offspring
D00712574,Offspring
D00712624,Offspring
D00712427,Offspring
D00712596,Offspring
D00712339,Offspring
D00713219,Offspring
D00713760,Offspring
D00711736,Offspring
D00711566,Offspring
D00713544,Offspring
D00713315,Offspring
D00712548,Offspring
D00713874,Offspring
D00711862,Offspring
D00712526,Offspring
D00712003,Offspring
D00712641,Offspring
D00713183,Offspring
D00711920,Offspring
D00711847,Offspring
D00711294,Offspring
D00712086,Offspring
D00713980,Offspring
D00714001,Offspring
D00713852,Offspring
D00712636,Offspring
D00711124,Offspring
D00711291,Offspring
D00711281,Offspring
D00714166,Offspring
D00713372,Offspring
D00713851,Offspring
D00712569,Offspring
D00712054,Offspring
D00712483,Offspring
D00714382,Offspring
D00712527,Offspring
D00713236,Offspring
D00712844,Offspring
D00713570,Offspring
D00713080,Offspring
D00711033,Offspring
D00712676,Offspring
D00712813,Offspring
D00713431,Offspring
D00711888,Offspring
D00712842,Offspring
D00712578,Offspring
D00712632,Offspring
D00712420,Offspring
D00711254,Offspring
D00712367,Offspring
D00712614,Offspring
D00713850,Offspring
D00713232,Offspring
D00712091,Offspring
D00712930,Offspring
D00713487,Offspring
D00713513,Offspring
D00712189,Offspring
D00713270,Offspring
D00712855,Offspring
D00712685,Offspring
D00712603,Offspring
D00711816,Offspring
D00712639,Offspring
D00713353,Offspring
D00711330,Offspring
D00713514,Offspring
D00713132,Offspring
D00713037,Offspring
D00713545,Offspring
D00712775,Offspring
D00712894,Offspring
D00714011,Offspring
D00711091,Offspring
D00712532,Offspring
D00713913,Offspring
D00713833,Offspring
D00711629,Offspring
D00713050,Offspring
D00713208,Offspring
D00713357,Offspring
D00713194,Offspring
D00712244,Offspring
D00712354,Offspring
D00712061,Offspring
D00712682,Offspring
D00711910,Offspring
D00711946,Offspring
D00712055,Offspring
D00713606,Offspring
D00712645,Offspring
D00713771,Offspring
D00712652,Offspring
D00713882,Offspring
D00713386,Offspring
D00713687,Offspring
D00712593,Offspring
D00712999,Offspring
D00713133,Offspring
D00713278,Offspring
D00711338,Offspring
D00711426,Offspring
D00713224,Offspring
D00711575,Offspring
D00712500,Offspring
D00711474,Offspring
D00712720,Offspring
D00713200,Offspring
D00713826,Offspring
D00712290,Offspring
D00713124,Offspring
D00712133,Offspring
D00713624,Offspring
D00711838,Offspring
D00712531,Offspring
D00712843,Offspring
D00712233,Offspring
D00712205,Offspring
D00712525,Offspring
D00712017,Offspring
D00712176,Offspring
D00712606,Offspring
D00712852,Offspring
D00711189,Offspring
D00711988,Offspring
D00712421,Offspring
D00711947,Offspring
D00713182,Offspring
D00713425,Offspring
D00711913,Offspring
D00711093,Offspring
D00713291,Offspring
D00713238,Offspring
D00713655,Offspring
D00711579,Offspring
D00713949,Offspring
D00712560,Offspring
D00712650,Offspring
D00713202,Offspring
D00713415,Offspring
D00711817,Offspring
D00714016,Offspring
D00713418,Offspring
D00712178,Offspring
D00713903,Offspring
D00711272,Offspring
D00712703,Offspring
D00712044,Offspring
D00713574,Offspring
D00713253,Offspring
D00713637,Offspring
D00712923,Offspring
D00713794,Offspring
D00713556,Offspring
D00713461,Offspring
D00713280,Offspring
D00711978,Offspring
D00713335,Offspring
D00713626,Offspring
D00711799,Offspring
D00712365,Offspring
D00713400,Offspring
D00711871,Offspring
D00713537,Offspring
D00711950,Offspring
D00712896,Offspring
D00713185,Offspring
D00711837,Offspring
D00712570,Offspring
D00713886,Offspring
D00713382,Offspring
D00712693,Offspring
D00711416,Offspring
D00713614,Offspring
D00712814,Offspring
D00711400,Offspring
D00713593,Offspring
D00711502,Offspring
D00713048,Offspring
D00713800,Offspring
D00713483,Offspring
D00713681,Offspring
D00712533,Offspring
D00711778,Offspring
D00711955,Offspring
D00712219,Offspring
D00713181,Offspring
D00713229,Offspring
D00716125,Sire
D00714906,Sire
D00713284,Sire
D00714198,Sire
D00714150,Sire
D00713657,Sire
D00716173,Sire
D00714551,Sire
D00714980,Sire
D00715311,Sire
D00716291,Sire
D00714877,Sire
D00715576,Sire
D00714226,Sire
D00716536,Sire
D00715455,Sire
D00714525,Sire
D00714221,Sire
D00715894,Sire
D00714800,Sire
D00715482,Sire
D00715035,Sire
D00714380,Sire
D00715159,Sire
D00714937,Sire
D00716667,Sire
D00715441,Sire
D00714369,Sire
D00714785,Sire
D00714044,Sire
D00714215,Sire
D00714171,Sire
D00715095,Sire
D00713817,Sire
D00714823,Sire
D00714137,Sire
D00714576,Sire
D00715020,Sire
D00714069,Sire
D00714375,Sire
D00716224,Sire
D00714988,Sire
D00713764,Sire
D00714804,Sire
D00715176,Sire
D00716304,Sire
D00714122,Sire
D00715767,Sire
D00715557,Sire
D00714222,Sire
D00714432,Sire
D00714549,Sire
D00714066,Sire
D00714400,Sire
D00713861,Sire
D00714488,Sire
D00714872,Sire
D00714093,Sire
D00714279,Sire
D00714618,Sire
D00714767,Sire
D00714443,Sire
D00714701,Sire
D00714208,Sire
D00716499,Sire
D00716194,Sire
D00714779,Sire
D00715341,Sire
D00714709,Dam
D00714727,Dam
D00714110,Dam
D00714653,Dam
D00715182,Dam
D00714811,Dam
D00715207,Dam
D00714225,Dam
D00714328,Dam
D00714170,Dam
D00714835,Dam
D00714256,Dam
D00715462,Dam
D00714918,Dam
D00715609,Dam
D00715001,Dam
D00715870,Dam
D00714243,Dam
D00714337,Dam
D00715537,Dam
D00713798,Dam
D00714678,Dam
D00714616,Dam
D00716284,Dam
D00715640,Dam
D00714648,Dam
D00716149,Dam
D00715906,Dam
D00714269,Dam
D00715818,Dam
D00715089,Dam
D00715500,Dam
D00714724,Dam
D00714249,Dam
D00715507,Dam
D00714736,Dam
D00715626,Dam
D00716013,Dam
D00715453,Dam
D00715040,Dam
D00716170,Dam
D00714306,Dam
D00715985,Dam
D00714695,Dam
D00714347,Dam
D00715136,Dam
D00715999,Dam
D00714204,Dam
D00714321,Dam
D00713539,Dam
D00714131,Dam
D00715418,Dam
D00714041,Dam
D00714168,Dam
D00715756,Dam
D00714810,Dam
D00714130,Dam
D00714888,Dam
D00714575,Dam
D00715324,Dam
D00714118,Dam
D00714527,Dam
D00713258,Dam
D00714560,Dam
D00714240,Dam
D00716477,Dam
D00715070,Tag
D00715030,Tag
D00714585,Tag
D00714896,Tag
D00714765,Tag
D00714568,Tag
D00714487,Tag
D00714944,Tag
D00714401,Tag
D00715010,Tag
D00715021,Tag
D00714146,Tag
D00715188,Tag
D00714206,Tag
D00715881,Tag
D00715508,Tag
D00716074,Tag
D00715992,Tag
D00714031,Tag
D00714367,Tag
D00716417,Tag
D00714528,Tag
D00715031,Tag
D00715279,Tag
D00714233,Tag
D00714719,Tag
D00716005,Tag
D00714388,Tag
D00714777,Tag
D00713691,Tag
D00714078,Tag
D00715397,Tag
D00716133,Tag
D00714844,Tag
D00714978,Tag
D00716087,Tag
D00714949,Tag
D00715140,Tag
D00716009,Tag
D00714325,Tag
D00716132,Tag
D00715627,Tag
D00716027,Tag
D00715378,Tag
D00716247,Tag
D00715719,Tag
D00715707,Tag
D00714238,Tag
D00713466,Tag
D00715539,Tag
D00715190,Tag
D00714339,Tag
D00714910,Tag
D00714070,Tag
D00714778,Tag
D00713337,Tag
D00714372,Tag
D00714630,Tag
D00714292,Tag
D00714916,Tag
D00714390,Tag
D00713918,Tag
D00714791,Tag
D00714676,Tag
D00714418,Tag
D00714681,Tag
D00715251,Tag
D00715220,Tag
D00716239,Tag
D00716504,Tag
D00714288,Tag
D00714234,Tag
D00714416,Tag
D00714358,Tag
D00715013,Tag
D00715171,Tag
D00714486,Tag
D00715890,Tag
D00714315,Tag
